{"priority sum":{"scw0000":-151640.5786111154,"scw0001":100456.7861111111,"scw1001":-36491.5783333314},"Priority Level":{"scw0000":0.0,"scw0001":20.4628014256,"scw1001":0.0}}
